graph_name,mean_fitness_value,std_fitness_value,best_fitness_value,graph_order,graph_size,elapsed_time(microsecond),matches_heuristic,heuristic_matched,is_valid,density,is_dense,pli_vertex,pli_edge,pli_density,pli_TRD_number,pli_time_miliseconds,pli_status,gap_relative(%)
Tina_AskCal.txt,6.3,0.9486832980505135,7,11,25,297447,no,none,yes,0.454545,False,11,25,0.45455,4.0,5.0,OPTIMAL,75.0
Tina_AskCog.txt,4.8,0.4216370213557838,5,11,27,290434,no,none,yes,0.490909,False,11,27,0.49091,4.0,6.0,OPTIMAL,25.0
GD01_b.txt,13.1,0.7378647873726218,14,18,26,671807,no,none,yes,0.169935,False,18,26,0.16993,12.0,103.0,OPTIMAL,16.666666666666664
LFAT5.txt,12.0,0.0,12,14,16,687459,no,none,yes,0.175824,False,14,16,0.17582,12.0,27.0,OPTIMAL,0.0
Tina_DisCal.txt,5.1,0.8755950357709132,6,11,32,365207,no,none,yes,0.581818,True,11,32,0.58182,4.0,5.0,OPTIMAL,50.0
Tina_DisCog.txt,4.5,0.8498365855987974,6,11,36,347665,no,none,yes,0.654545,True,11,36,0.65455,4.0,6.0,OPTIMAL,50.0
Stranke94.txt,3.0,0.0,3,10,45,302541,no,none,yes,1.0,True,10,45,1.0,3.0,16.0,OPTIMAL,0.0
GD98_a.txt,18.0,0.0,18,38,46,1205098,no,none,yes,0.0654339,False,38,46,0.06543,18.0,43.0,OPTIMAL,0.0
LF10.txt,11.0,0.0,11,18,32,702589,no,none,yes,0.20915,False,18,32,0.20915,11.0,87.0,OPTIMAL,0.0
Ragusa18.txt,10.0,0.0,10,23,51,604206,no,none,yes,0.201581,False,23,51,0.20158,10.0,16.0,OPTIMAL,0.0
GD95_a.txt,25.5,1.1785113019775797,27,36,56,1415389,no,none,yes,0.0888889,False,36,56,0.08889,24.0,266.0,OPTIMAL,12.5
GD02_a.txt,5.3,0.9486832980505138,6,23,59,676793,no,none,yes,0.233202,False,23,59,0.2332,4.0,7.0,OPTIMAL,50.0
Ragusa16.txt,12.0,0.0,12,24,58,603404,no,none,yes,0.210145,False,24,58,0.21014,12.0,16.0,OPTIMAL,0.0
Trefethen_20b.txt,8.5,0.5270462766947299,9,19,64,562397,no,none,yes,0.374269,False,19,64,0.37427,7.0,313.0,OPTIMAL,28.57142857142857
Hamrle1.txt,14.4,1.5055453054181616,17,32,90,1049504,no,none,yes,0.181452,False,32,90,0.18145,12.0,318.0,OPTIMAL,41.66666666666667
GD95_b.txt,30.0,0.0,30,70,95,2092272,no,none,yes,0.0393375,False,70,95,0.03934,30.0,83.0,OPTIMAL,0.0
GlossGT.txt,34.5,0.7071067811865478,36,67,118,535838,no,none,yes,0.0533695,False,67,118,0.05337,33.0,118.0,OPTIMAL,9.090909090909092
GD99_c.txt,80.1,0.3162277660168395,81,105,120,3292840,no,none,yes,0.021978,False,105,120,0.02198,78.0,389.0,OPTIMAL,3.8461538461538463
Sandi_authors.txt,42.5,0.5270462766947294,43,86,124,2732867,no,none,yes,0.0339261,False,86,124,0.03393,42.0,158.0,OPTIMAL,2.380952380952381
GD96_c.txt,39.3,0.4830458915396477,40,65,125,2157026,no,none,yes,0.0600962,False,65,125,0.0601,37.0,16743.0,OPTIMAL,8.108108108108109
GD99_b.txt,37.1,1.9692073983655904,41,64,125,1989087,no,none,yes,0.062004,False,64,125,0.062,32.0,3798.0,OPTIMAL,28.125
GD97_b.txt,13.0,0.0,13,46,132,1303974,no,none,yes,0.127536,False,46,132,0.12754,13.0,51.0,OPTIMAL,0.0
GD98_b.txt,87.0,0.0,87,121,132,3715845,no,none,yes,0.0181818,False,121,132,0.01818,87.0,98.0,OPTIMAL,0.0
GD01_c.txt,11.7,0.4830458915396483,12,33,135,1050378,no,none,yes,0.255682,False,33,135,0.25568,11.0,130.0,OPTIMAL,9.090909090909092
GD95_c.txt,24.0,1.1547005383792524,26,62,144,2190042,no,none,yes,0.0761502,False,62,144,0.07615,23.0,129.0,OPTIMAL,13.043478260869565
GD97_a.txt,50.2,0.9189365834726824,51,84,166,2837577,no,none,yes,0.047619,False,84,166,0.04762,46.0,300194.0,BEST FOUND,10.869565217391305
GD98_c.txt,82.9,0.9944289260117548,84,112,168,3787108,no,none,yes,0.027027,False,112,168,0.02703,79.0,301069.0,BEST FOUND,6.329113924050633
GD06_theory.txt,20.0,0.0,20,101,190,2870344,no,none,yes,0.0376238,False,101,190,0.03762,20.0,912.0,OPTIMAL,0.0
GD96_b.txt,34.0,0.0,34,111,193,3320395,no,none,yes,0.0316134,False,111,193,0.03161,34.0,1715.0,OPTIMAL,0.0
GD96_d.txt,114.0,0.0,114,180,228,5681580,no,none,yes,0.0141527,False,180,228,0.01415,114.0,96.0,OPTIMAL,0.0
GD02_b.txt,33.3,1.4944341180973262,35,80,232,2409573,no,none,yes,0.0734177,False,80,232,0.07342,31.0,2794.0,OPTIMAL,12.903225806451612
GD00_a.txt,242.3,0.4830458915396479,243,352,384,12321105,no,none,yes,0.00621601,False,352,384,0.00622,242.0,309.0,OPTIMAL,0.4132231404958678
GD97_c.txt,82.1,0.3162277660168389,83,452,460,3678099,no,none,yes,0.00451308,False,452,460,0.00451,82.0,304.0,OPTIMAL,1.2195121951219512
08blocks.txt,24.0,0.0,24,300,576,9631666,yes,h2,yes,0.0128428,False,300,576,0.01284,24.0,81.0,OPTIMAL,0.0
CAG_mat72.txt,11.0,0.0,11,72,678,2254294,no,none,yes,0.265258,False,72,678,0.26526,10.0,112.0,OPTIMAL,10.0
S10PI_n.txt,647.8,1.2292725943057443,649,682,689,37071696,no,none,yes,0.002967,False,682,689,0.00297,642.0,300643.0,BEST FOUND,1.0903426791277258
SmallW.txt,19.6,0.8432740427115679,20,233,994,7333023,no,none,yes,0.0367767,False,233,994,0.03678,18.0,109.0,OPTIMAL,11.11111111111111
GD00_c.txt,371.9,1.370320319406307,374,638,1020,6417703,no,none,yes,0.00501961,False,638,1020,0.00502,361.0,1194.0,OPTIMAL,3.6011080332409975
494_bus.txt,367.7,1.76698110409315,370,494,586,23776241,no,none,yes,0.00481231,False,494,586,0.00481,349.0,2612.0,OPTIMAL,6.017191977077363
Trefethen_150.txt,39.6,1.264911064067351,42,150,945,4933570,no,none,yes,0.0845638,False,150,945,0.08456,34.0,300335.0,BEST FOUND,23.52941176470588
Erdos971.txt,220.9,1.7288403306519915,225,433,1314,15283549,no,none,yes,0.0140493,False,433,1314,0.01405,212.0,889.0,OPTIMAL,6.132075471698113
Erdos981.txt,225.3,1.418136492412178,227,445,1381,16073593,no,none,yes,0.0139791,False,445,1381,0.01398,214.0,1078.0,OPTIMAL,6.074766355140187
Erdos991.txt,231.6,1.074967699773144,234,454,1417,16421385,no,none,yes,0.0137799,False,454,1417,0.01378,221.0,1275.0,OPTIMAL,5.88235294117647
Trefethen_200b.txt,51.8,1.5491933384829668,54,199,1337,6617381,no,none,yes,0.0678646,False,199,1337,0.06786,44.0,300229.0,BEST FOUND,22.727272727272727
Trefethen_200.txt,53.3,0.948683298050514,55,200,1345,6626012,no,none,yes,0.0675879,False,200,1345,0.06759,44.0,300263.0,BEST FOUND,25.0
662_bus.txt,451.7,2.110818693198349,456,662,906,35828831,no,none,yes,0.00414094,False,662,906,0.00414,423.0,123553.0,OPTIMAL,7.801418439716312
G11.txt,475.2,7.130529043797838,486,800,1600,11601408,no,none,yes,0.00500626,False,800,1600,0.00501,420.0,300340.0,BEST FOUND,15.714285714285714
GD96_a.txt,789.0,4.784233364802438,797,1096,1677,63973911,no,none,yes,0.00279472,False,1096,1677,0.00279,687.0,300719.0,BEST FOUND,16.011644832605533
M20PI_n.txt,1156.9,1.3703203194062712,1159,1182,1198,56785891,no,none,yes,0.0017164,False,1182,1198,0.00172,1228.0,300430.0,BEST FOUND,-5.618892508143322
CSphd.txt,1151.8,1.5491933384829557,1155,1882,1740,54118249,no,none,yes,0.000983039,False,1882,1740,0.00098,1127.0,3499.0,OPTIMAL,2.484472049689441
Chebyshev1.txt,3.0,0.0,3,261,1542,7932268,yes,h2,yes,0.0454465,False,261,1542,0.04545,3.0,146.0,OPTIMAL,0.0
L.txt,604.5,4.859126579037758,613,956,1820,52864048,no,none,yes,0.00398694,False,956,1820,0.00399,601.0,300374.0,BEST FOUND,1.9966722129783694
685_bus.txt,403.9,5.021066730398145,412,685,1282,10236804,no,none,yes,0.00547232,False,685,1282,0.00547,364.0,301585.0,BEST FOUND,13.186813186813188
Harvard500.txt,64.0,0.0,64,500,2043,15980901,no,none,yes,0.0163768,False,500,2043,0.01638,61.0,426.0,OPTIMAL,4.918032786885246
USAir97.txt,73.0,0.0,73,332,2126,10343693,no,none,yes,0.0386925,False,332,2126,0.03869,73.0,323.0,OPTIMAL,0.0
Trefethen_300.txt,72.2,1.7511900715418276,75,300,2189,10176155,no,none,yes,0.0488071,False,300,2189,0.04881,64.0,300390.0,BEST FOUND,17.1875
1138_bus.txt,814.6,1.8378731669453616,816,1138,1458,65557834,no,none,yes,0.00225364,False,1138,1458,0.00225,778.0,3240.0,OPTIMAL,4.884318766066838
EX1.txt,142.0,2.4494897427831765,146,560,4368,23476991,no,none,yes,0.027907,False,560,4368,0.02791,123.0,300453.0,BEST FOUND,18.69918699186992
EX2.txt,139.4,2.412928142780513,144,560,4368,21873600,no,none,yes,0.027907,False,560,4368,0.02791,122.0,300388.0,BEST FOUND,18.0327868852459
DK01R.txt,264.6,5.1033757890679,278,903,5641,45484984,no,none,yes,0.0138513,False,903,5641,0.01385,269.0,301034.0,BEST FOUND,3.3457249070631967
CAG_mat364.txt,16.8,0.421637021355784,17,364,10474,10656845,no,none,yes,0.158538,False,364,10474,0.15854,16.0,746.0,OPTIMAL,6.25
G10.txt,83.8,1.873795909674025,87,800,19176,28047590,no,none,yes,0.06,False,800,19176,0.06,70.0,301190.0,BEST FOUND,24.285714285714285
G1.txt,86.7,2.311805451253293,91,800,19176,27162257,no,none,yes,0.06,False,800,19176,0.06,72.0,301819.0,BEST FOUND,26.38888888888889
jgl009.txt,3.0,0.0,3,9,32,284185,no,none,yes,0.888889,True,9,32,0.88889,3.0,14.0,OPTIMAL,0.0
rgg010.txt,3.0,0.0,3,10,45,289337,no,none,yes,1.0,True,10,45,1.0,3.0,14.0,OPTIMAL,0.0
jgl011.txt,3.0,0.0,3,11,49,272304,yes,h1,yes,0.890909,True,11,49,0.89091,3.0,15.0,OPTIMAL,0.0
bcspwr01.txt,30.2,0.4216370213557839,31,39,46,1464711,no,none,yes,0.0620783,False,39,46,0.06208,30.0,75.0,OPTIMAL,3.3333333333333335
can___24.txt,10.7,1.3374935098492586,12,24,68,689694,no,none,yes,0.246377,False,24,68,0.24638,8.0,9.0,OPTIMAL,50.0
bcspwr02.txt,34.1,0.7378647873726221,36,49,59,1805934,no,none,yes,0.0501701,False,49,59,0.05017,33.0,45.0,OPTIMAL,9.090909090909092
ibm32.txt,16.7,0.9486832980505135,19,32,90,1072835,no,none,yes,0.181452,False,32,90,0.18145,14.0,453.0,OPTIMAL,35.714285714285715
pores_1.txt,10.2,0.6324555320336759,12,30,103,1058979,no,none,yes,0.236782,False,30,103,0.23678,10.0,49.0,OPTIMAL,20.0
can___62.txt,46.6,0.9660917830792952,48,62,78,2194000,no,none,yes,0.041248,False,62,78,0.04125,44.0,598.0,OPTIMAL,9.090909090909092
dwt___72.txt,64.9,0.3162277660168389,65,72,75,2175704,no,none,yes,0.0293427,False,72,75,0.02934,62.0,1961.0,OPTIMAL,4.838709677419355
fidap005.txt,7.0,0.0,7,27,126,929367,no,none,yes,0.358974,False,27,126,0.35897,7.0,36.0,OPTIMAL,0.0
dwt___59.txt,36.2,1.032795558988644,38,59,104,2096073,no,none,yes,0.0607832,False,59,104,0.06078,34.0,1256.0,OPTIMAL,11.76470588235294
curtis54.txt,23.0,0.0,23,54,124,1618956,no,none,yes,0.0866527,False,54,124,0.08665,23.0,82.0,OPTIMAL,0.0
will57.txt,23.1,0.3162277660168375,24,57,127,1733921,no,none,yes,0.0795739,False,57,127,0.07957,23.0,93.0,OPTIMAL,4.3478260869565215
dwt___66.txt,38.9,0.5676462121975471,40,66,127,2149850,no,none,yes,0.0592075,False,66,127,0.05921,37.0,12951.0,OPTIMAL,8.108108108108109
bcsstk01.txt,17.9,1.3703203194062976,19,48,176,1454089,no,none,yes,0.156028,False,48,176,0.15603,16.0,1363.0,OPTIMAL,18.75
can___73.txt,33.1,0.3162277660168374,34,73,152,826863,no,none,yes,0.0578387,False,73,152,0.05784,32.0,2443.0,OPTIMAL,6.25
tub100.txt,68.6,0.9660917830792948,70,100,148,4584064,no,none,yes,0.029899,False,100,148,0.0299,68.0,304122.0,BEST FOUND,2.941176470588235
bcspwr03.txt,74.4,0.5163977794943178,75,118,179,4025772,no,none,yes,0.0259308,False,118,179,0.02593,69.0,1046.0,OPTIMAL,8.695652173913043
olm100.txt,50.1,0.316227766016839,51,100,197,3037486,no,none,yes,0.039798,False,100,197,0.0398,50.0,188917.0,OPTIMAL,2.0
impcol_b.txt,22.2,0.7888106377466155,23,59,281,2093458,no,none,yes,0.164231,False,59,281,0.16423,18.0,205.0,OPTIMAL,27.77777777777778
ash85.txt,36.6,0.966091783079296,38,85,219,2832300,no,none,yes,0.0613445,False,85,219,0.06134,35.0,6643.0,OPTIMAL,8.571428571428571
can___61.txt,12.9,1.1972189997378648,15,61,248,2060117,no,none,yes,0.135519,False,61,248,0.13552,12.0,23.0,OPTIMAL,25.0
dwt___87.txt,39.9,0.3162277660168383,40,87,227,2601173,no,none,yes,0.060679,False,87,227,0.06068,38.0,1268.0,OPTIMAL,5.263157894736842
nos4.txt,48.2,1.2292725943057183,50,100,247,3162995,no,none,yes,0.049899,False,100,247,0.0499,44.0,3196.0,OPTIMAL,13.636363636363635
rw136.txt,62.9,1.2866839377079151,64,136,373,4407150,no,none,yes,0.0406318,False,136,373,0.04063,59.0,302975.0,BEST FOUND,8.47457627118644
bcsstk03.txt,56.0,0.0,56,112,264,3445428,no,none,yes,0.042471,False,112,264,0.04247,56.0,305099.0,BEST FOUND,0.0
gre__115.txt,62.8,1.7511900715418267,65,115,267,1390947,no,none,yes,0.0407323,False,115,267,0.04073,54.0,86432.0,OPTIMAL,20.37037037037037
impcol_c.txt,56.9,1.1972189997378642,60,137,352,4461549,no,none,yes,0.0377845,False,137,352,0.03778,52.0,2742.0,OPTIMAL,15.384615384615385
can___96.txt,33.3,0.6749485577105535,34,96,336,3757311,no,none,yes,0.0736842,False,96,336,0.07368,32.0,226893.0,OPTIMAL,6.25
steam3.txt,20.4,0.5163977794943225,21,80,424,2310968,no,none,yes,0.134177,False,80,424,0.13418,20.0,27355.0,OPTIMAL,5.0
dwt__234.txt,151.6,1.3498971154210984,154,234,300,2644777,no,none,yes,0.0110047,False,234,300,0.011,148.0,5037.0,OPTIMAL,4.054054054054054
ck104.txt,31.8,0.9189365834726816,33,104,444,3075444,no,none,yes,0.0828977,False,104,444,0.0829,30.0,121620.0,OPTIMAL,10.0
nos1.txt,159.6,0.9660917830792964,161,237,390,8406052,no,none,yes,0.0139455,False,237,390,0.01395,159.0,302688.0,BEST FOUND,1.257861635220126
pde225.txt,134.2,2.299758441421381,137,225,420,10103993,no,none,yes,0.0166667,False,225,420,0.01667,132.0,301626.0,BEST FOUND,3.787878787878788
rdb200l.txt,106.1,2.0789954839350235,109,200,460,2242190,no,none,yes,0.0231156,False,200,460,0.02312,101.0,301485.0,BEST FOUND,7.920792079207921
rdb200.txt,105.5,3.1710495984067424,110,200,460,7479013,no,none,yes,0.0231156,False,200,460,0.02312,101.0,301434.0,BEST FOUND,8.91089108910891
dwt__162.txt,64.8,1.813529401164727,69,162,510,5562743,no,none,yes,0.0391074,False,162,510,0.03911,59.0,27288.0,OPTIMAL,16.94915254237288
will199.txt,79.0,1.49071198499986,82,199,660,7712117,no,none,yes,0.0335008,False,199,660,0.0335,70.0,301218.0,BEST FOUND,17.142857142857142
saylr1.txt,143.0,1.4907119849998625,145,238,445,2958246,no,none,yes,0.0157785,False,238,445,0.01578,144.0,301604.0,BEST FOUND,0.6944444444444444
can__144.txt,34.2,1.0327955589886444,36,144,576,4689972,no,none,yes,0.0559441,False,144,576,0.05594,30.0,636.0,OPTIMAL,20.0
lop163.txt,55.7,1.56702123647242,58,163,598,5113444,no,none,yes,0.0452927,False,163,598,0.04529,47.0,75137.0,OPTIMAL,23.404255319148938
can__161.txt,51.8,0.4216370213557833,52,161,608,4939327,no,none,yes,0.047205,False,161,608,0.0472,50.0,301543.0,BEST FOUND,4.0
dwt__198.txt,79.3,1.1595018087284057,81,198,597,9869028,no,none,yes,0.0306107,False,198,597,0.03061,74.0,16573.0,OPTIMAL,9.45945945945946
odep400a.txt,398.0,0.0,398,400,402,13489711,no,none,yes,0.00503759,False,400,402,0.00504,398.0,301666.0,BEST FOUND,0.0
gre__185.txt,78.6,2.221110833194357,82,185,650,7408067,no,none,yes,0.0381904,False,185,650,0.03819,68.0,301226.0,BEST FOUND,20.588235294117645
can__187.txt,65.3,1.4181364924121764,67,187,652,7969312,no,none,yes,0.0374907,False,187,652,0.03749,62.0,301520.0,BEST FOUND,8.064516129032258
dwt__245.txt,127.0,1.763834207376393,131,245,608,9487524,no,none,yes,0.0203413,False,245,608,0.02034,119.0,33611.0,OPTIMAL,10.084033613445378
gre_216a.txt,88.2,1.8135294011647256,91,216,660,8083203,no,none,yes,0.0284238,False,216,660,0.02842,84.0,301012.0,BEST FOUND,8.333333333333332
gre_216b.txt,89.1,1.1005049346146123,91,216,660,7785336,no,none,yes,0.0284238,False,216,660,0.02842,84.0,300983.0,BEST FOUND,8.333333333333332
fs_183_1.txt,37.4,3.1340424729448424,46,183,701,5897136,no,none,yes,0.0420945,False,183,701,0.04209,36.0,98.0,OPTIMAL,27.77777777777778
fs_183_3.txt,36.6,0.9660917830792964,38,183,701,5842195,no,none,yes,0.0420945,False,183,701,0.04209,36.0,95.0,OPTIMAL,5.555555555555555
fs_183_4.txt,36.2,0.6324555320336754,38,183,701,5835348,no,none,yes,0.0420945,False,183,701,0.04209,36.0,94.0,OPTIMAL,5.555555555555555
fs_183_6.txt,36.6,0.9660917830792954,38,183,701,5861145,no,none,yes,0.0420945,False,183,701,0.04209,36.0,94.0,OPTIMAL,5.555555555555555
dwt__221.txt,83.5,1.35400640077266,86,221,704,7909484,no,none,yes,0.0289593,False,221,704,0.02896,75.0,302539.0,BEST FOUND,14.666666666666666
bcspwr04.txt,143.5,1.0801234497346437,145,274,669,9160813,no,none,yes,0.0178872,False,274,669,0.01789,140.0,271.0,OPTIMAL,3.571428571428571
nnc261.txt,93.0,1.0540925533894585,94,261,794,8367743,no,none,yes,0.0234011,False,261,794,0.0234,92.0,35600.0,OPTIMAL,2.1739130434782608
dwt__209.txt,73.1,1.1972189997378664,76,209,767,8322480,no,none,yes,0.0352871,False,209,767,0.03529,68.0,302052.0,BEST FOUND,11.76470588235294
can__229.txt,88.6,2.170509412813297,93,229,774,9393286,no,none,yes,0.0296484,False,229,774,0.02965,78.0,170063.0,OPTIMAL,19.230769230769234
lshp_265.txt,127.8,2.201009869229224,132,265,744,9971964,no,none,yes,0.0212693,False,265,744,0.02127,123.0,300796.0,BEST FOUND,7.317073170731707
bcspwr05.txt,309.9,2.233582075700117,313,443,590,16898501,no,none,yes,0.00602637,False,443,590,0.00603,293.0,9410.0,OPTIMAL,6.825938566552901
impcol_e.txt,46.2,0.4216370213557838,47,225,1187,7572943,no,none,yes,0.0471032,False,225,1187,0.0471,44.0,247.0,OPTIMAL,6.8181818181818175
ash292.txt,111.4,2.11869981094276,115,292,958,13834054,no,none,yes,0.0225486,False,292,958,0.02255,102.0,301857.0,BEST FOUND,12.745098039215685
lund_b.txt,31.9,1.370320319406299,34,147,1147,4427766,no,none,yes,0.106887,False,147,1147,0.10689,30.0,301441.0,BEST FOUND,13.333333333333334
lund_a.txt,31.3,0.8232726023485646,32,147,1151,4844228,no,none,yes,0.107259,False,147,1151,0.10726,30.0,301435.0,BEST FOUND,6.666666666666667
impcol_d.txt,152.6,3.806427312965381,158,425,1267,16781309,no,none,yes,0.0140622,False,425,1267,0.01406,136.0,195001.0,OPTIMAL,16.176470588235293
dwt__310.txt,108.5,1.0801234497346406,110,310,1069,11595773,no,none,yes,0.0223197,False,310,1069,0.02232,108.0,301524.0,BEST FOUND,1.8518518518518516
rw496.txt,230.1,2.643650674519782,235,496,1423,24582197,no,none,yes,0.0115917,False,496,1423,0.01159,235.0,300612.0,BEST FOUND,0.0
gre__343.txt,137.4,2.22111083319436,141,343,1092,15134095,no,none,yes,0.018618,False,343,1092,0.01862,131.0,300716.0,BEST FOUND,7.633587786259542
olm500.txt,250.2,0.4216370213557856,251,500,997,22527638,no,none,yes,0.00799198,False,500,997,0.00799,253.0,301527.0,BEST FOUND,-0.7905138339920948
rdb450.txt,233.8,2.740640638812596,237,450,1065,22953952,no,none,yes,0.0105419,False,450,1065,0.01054,238.0,300475.0,BEST FOUND,-0.42016806722689076
tols90.txt,3.0,0.0,3,90,1449,2388198,no,none,yes,0.361798,False,90,1449,0.3618,3.0,100.0,OPTIMAL,0.0
lshp_406.txt,190.7,2.3593784492248515,196,406,1155,19361123,no,none,yes,0.0140485,False,406,1155,0.01405,196.0,300602.0,BEST FOUND,0.0
662_bus.txt,451.4,2.06559111797729,455,662,906,36085812,no,none,yes,0.00414094,False,662,906,0.00414,423.0,123553.0,OPTIMAL,7.5650118203309695
can__256.txt,43.0,1.2472191289246468,45,256,1330,8230040,no,none,yes,0.0407475,False,256,1330,0.04075,32.0,330.0,OPTIMAL,40.625
ck400.txt,210.6,1.2649110640673509,212,400,1244,14508748,no,none,yes,0.015589,False,400,1244,0.01559,202.0,301774.0,BEST FOUND,4.9504950495049505
dwt__361.txt,130.8,2.149935399546277,136,361,1296,16048800,no,none,yes,0.0199446,False,361,1296,0.01994,129.0,300940.0,BEST FOUND,5.426356589147287
shl____0.txt,237.7,6.18331087147762,248,663,1682,29174111,no,none,yes,0.00766451,False,663,1682,0.00766,207.0,2793.0,OPTIMAL,19.806763285024154
shl__400.txt,246.1,2.282785822435189,249,663,1709,27876134,no,none,yes,0.00778754,False,663,1709,0.00779,197.0,1622.0,OPTIMAL,26.39593908629442
qh768.txt,461.2,1.3984117975602062,463,768,1322,33262439,no,none,yes,0.00448854,False,768,1322,0.00449,428.0,4262.0,OPTIMAL,8.177570093457943
dwt__346.txt,138.5,1.4337208778404351,141,346,1440,3646938,no,none,yes,0.0241267,False,346,1440,0.02413,127.0,301610.0,BEST FOUND,11.023622047244094
dwt__492.txt,215.2,0.9189365834726808,217,492,1332,22274318,no,none,yes,0.0110278,False,492,1332,0.01103,198.0,301463.0,BEST FOUND,9.595959595959595
dwt__193.txt,32.0,0.6666666666666665,33,193,1650,6239416,no,none,yes,0.0890544,False,193,1650,0.08905,27.0,856.0,OPTIMAL,22.22222222222222
mcca.txt,93.0,0.0,93,180,1680,5480023,no,none,yes,0.104283,False,180,1680,0.10428,93.0,525.0,OPTIMAL,0.0
bcsstk04.txt,17.1,1.1972189997378646,19,132,1758,4209391,no,none,yes,0.203331,False,132,1758,0.20333,16.0,5928.0,OPTIMAL,18.75
tols340.txt,153.0,0.0,153,340,1649,10406958,yes,h2,yes,0.0286136,False,340,1649,0.02861,153.0,297.0,OPTIMAL,0.0
nos6.txt,413.2,3.6757463338907206,422,675,1290,36017534,no,none,yes,0.00567095,False,675,1290,0.00567,409.0,300640.0,BEST FOUND,3.1784841075794623
dwt__419.txt,141.7,2.311805451253296,146,419,1572,16648224,no,none,yes,0.0179511,False,419,1572,0.01795,127.0,301292.0,BEST FOUND,14.960629921259844
steam1.txt,52.5,3.92286743197994,59,240,1761,7517536,no,none,yes,0.0614017,False,240,1761,0.0614,39.0,301909.0,BEST FOUND,51.28205128205128
fs_680_1.txt,322.0,0.0,322,680,1464,20503750,no,none,yes,0.00634151,False,680,1464,0.00634,322.0,336.0,OPTIMAL,0.0
fs_680_2.txt,322.0,0.0,322,680,1464,21089597,no,none,yes,0.00634151,False,680,1464,0.00634,322.0,351.0,OPTIMAL,0.0
fs_680_3.txt,322.0,0.0,322,680,1464,22424070,no,none,yes,0.00634151,False,680,1464,0.00634,322.0,324.0,OPTIMAL,0.0
gre__512.txt,202.0,1.8257418583505536,206,512,1680,25297176,no,none,yes,0.0128425,False,512,1680,0.01284,194.0,300623.0,BEST FOUND,6.185567010309279
bcsstk02.txt,3.0,0.0,3,66,2145,1750610,no,none,yes,1.0,True,66,2145,1.0,3.0,210.0,OPTIMAL,0.0
ck656.txt,417.0,1.0540925533894625,419,656,1628,34321669,no,none,yes,0.00757773,False,656,1628,0.00758,407.0,300929.0,BEST FOUND,2.9484029484029484
fidap001.txt,26.6,0.9660917830792962,28,216,2079,6819471,no,none,yes,0.0895349,False,216,2079,0.08953,24.0,1163.0,OPTIMAL,16.666666666666664
pores_3.txt,237.9,1.3703203194062974,240,532,1850,20295892,no,none,yes,0.0130977,False,532,1850,0.0131,238.0,301429.0,BEST FOUND,0.8403361344537815
str____0.txt,129.0,3.887301263230211,135,363,2446,12362401,no,none,yes,0.0372281,False,363,2446,0.03723,115.0,25597.0,OPTIMAL,17.391304347826086
young1c.txt,522.2,3.489667287547311,528,841,1624,44834965,no,none,yes,0.0045977,False,841,1624,0.0046,496.0,300895.0,BEST FOUND,6.451612903225806
young2c.txt,521.3,3.334999583541526,525,841,1624,44879450,no,none,yes,0.0045977,False,841,1624,0.0046,496.0,300498.0,BEST FOUND,5.846774193548387
utm300.txt,78.7,1.1595018087284066,81,300,2191,14550665,no,none,yes,0.0488517,False,300,2191,0.04885,67.0,1451.0,OPTIMAL,20.8955223880597
young3c.txt,508.1,2.7668674625929515,512,841,1671,45615940,no,none,yes,0.00473076,False,841,1671,0.00473,493.0,300569.0,BEST FOUND,3.8539553752535496
nos2.txt,659.3,2.7100635498903896,664,957,1590,13854678,no,none,yes,0.00347582,False,957,1590,0.00348,656.0,300772.0,BEST FOUND,1.2195121951219512
nnc666.txt,207.1,0.3162277660168391,208,666,2148,27550581,no,none,yes,0.00969993,False,666,2148,0.0097,203.0,300875.0,BEST FOUND,2.4630541871921183
hor__131.txt,132.8,1.9888578520235072,136,434,2138,16283988,no,none,yes,0.0227541,False,434,2138,0.02275,118.0,300983.0,BEST FOUND,15.254237288135593
nos7.txt,367.5,4.27525177946022,374,729,1944,38400943,no,none,yes,0.00732601,False,729,1944,0.00733,355.0,300532.0,BEST FOUND,5.352112676056338
nos5.txt,149.3,2.002775851439968,152,468,2352,20174099,no,none,yes,0.0215231,False,468,2352,0.02152,135.0,300619.0,BEST FOUND,12.592592592592592
cdde1.txt,601.2,3.5213633723317765,608,961,1860,53265428,no,none,yes,0.00403226,False,961,1860,0.00403,562.0,301137.0,BEST FOUND,8.185053380782918
cdde2.txt,598.9,4.357624225296268,606,961,1860,14529896,no,none,yes,0.00403226,False,961,1860,0.00403,562.0,300886.0,BEST FOUND,7.829181494661921
cdde3.txt,601.5,3.3747427885527457,606,961,1860,53348216,no,none,yes,0.00403226,False,961,1860,0.00403,562.0,300997.0,BEST FOUND,7.829181494661921
cdde4.txt,599.4,4.926120853842977,609,961,1860,53289317,no,none,yes,0.00403226,False,961,1860,0.00403,562.0,301066.0,BEST FOUND,8.362989323843415
cdde5.txt,599.6,6.915361322607969,608,961,1860,53217241,no,none,yes,0.00403226,False,961,1860,0.00403,562.0,300942.0,BEST FOUND,8.185053380782918
cdde6.txt,600.9,3.8715486421959233,608,961,1860,53414915,no,none,yes,0.00403226,False,961,1860,0.00403,562.0,300649.0,BEST FOUND,8.185053380782918
fs_541_1.txt,3.0,0.0,3,541,2466,17602456,yes,h2,yes,0.0168823,False,541,2466,0.01688,3.0,298.0,OPTIMAL,0.0
fs_541_2.txt,3.0,0.0,3,541,2466,17667009,yes,h2,yes,0.0168823,False,541,2466,0.01688,3.0,294.0,OPTIMAL,0.0
fs_541_3.txt,3.0,0.0,3,541,2466,17610600,yes,h2,yes,0.0168823,False,541,2466,0.01688,3.0,292.0,OPTIMAL,0.0
fs_541_4.txt,3.0,0.0,3,541,2466,17626154,yes,h2,yes,0.0168823,False,541,2466,0.01688,3.0,301.0,OPTIMAL,0.0
e05r0000.txt,18.1,0.3162277660168376,19,236,2847,2010872,no,none,yes,0.102669,False,236,2847,0.10267,18.0,156.0,OPTIMAL,5.555555555555555
e05r0100.txt,18.1,0.3162277660168379,19,236,2847,9073918,no,none,yes,0.102669,False,236,2847,0.10267,18.0,158.0,OPTIMAL,5.555555555555555
e05r0200.txt,18.1,0.316227766016838,19,236,2847,8009067,no,none,yes,0.102669,False,236,2847,0.10267,18.0,151.0,OPTIMAL,5.555555555555555
e05r0300.txt,18.2,0.6324555320336757,20,236,2847,7827543,no,none,yes,0.102669,False,236,2847,0.10267,18.0,149.0,OPTIMAL,11.11111111111111
e05r0400.txt,18.0,0.0,18,236,2847,7519305,no,none,yes,0.102669,False,236,2847,0.10267,18.0,163.0,OPTIMAL,0.0
str__200.txt,116.8,3.0840089349921005,123,363,3049,12702831,no,none,yes,0.0464058,False,363,3049,0.04641,98.0,41794.0,OPTIMAL,25.510204081632654
plat362.txt,72.2,1.0327955589886435,74,362,2712,4987229,no,none,yes,0.0415053,False,362,2712,0.04151,63.0,301118.0,BEST FOUND,17.46031746031746
str__400.txt,117.5,1.7159383568311644,120,363,3124,13995323,no,none,yes,0.0475473,False,363,3124,0.04755,98.0,74429.0,OPTIMAL,22.448979591836736
bp_____0.txt,285.3,3.334999583541538,289,822,3260,38912535,no,none,yes,0.00966123,False,822,3260,0.00966,246.0,12151.0,OPTIMAL,17.479674796747968
dwt__503.txt,140.4,1.955050439815356,143,503,2762,21985945,no,none,yes,0.0218767,False,503,2762,0.02188,127.0,301146.0,BEST FOUND,12.598425196850393
bcspwr06.txt,1023.0,3.3993463423951957,1030,1454,1923,89025271,no,none,yes,0.00182045,False,1454,1923,0.00182,950.0,302062.0,BEST FOUND,8.421052631578947
jagmesh1.txt,454.8,2.8596814119369647,460,936,2664,50417310,no,none,yes,0.00608803,False,936,2664,0.00609,463.0,300839.0,BEST FOUND,-0.6479481641468683
bcspwr07.txt,1131.3,2.6267851073127417,1135,1612,2106,101080854,no,none,yes,0.00162191,False,1612,2106,0.00162,1048.0,81451.0,OPTIMAL,8.301526717557252
bp___200.txt,259.3,3.5605867181937483,265,822,3788,35708186,no,none,yes,0.011226,False,822,3788,0.01123,211.0,21196.0,OPTIMAL,25.59241706161137
jagmesh2.txt,485.5,3.5355339059327373,490,1009,2928,54751018,no,none,yes,0.0057577,False,1009,2928,0.00576,494.0,300964.0,BEST FOUND,-0.8097165991902834
lshp1009.txt,486.5,3.1001792062897104,492,1009,2928,54672209,no,none,yes,0.0057577,False,1009,2928,0.00576,494.0,301087.0,BEST FOUND,-0.4048582995951417
orsirr_1.txt,476.8,3.8528488738133273,483,1030,2914,56473335,no,none,yes,0.00549879,False,1030,2914,0.0055,466.0,300937.0,BEST FOUND,3.648068669527897
bp___400.txt,249.8,3.645392830531284,255,822,4015,34093219,no,none,yes,0.0118987,False,822,4015,0.0119,203.0,21865.0,OPTIMAL,25.615763546798032
dwt__918.txt,310.2,2.740640638812594,316,918,3233,49005124,no,none,yes,0.0076811,False,918,3233,0.00768,305.0,300893.0,BEST FOUND,3.606557377049181
fs_760_1.txt,272.8,3.675746333890717,279,760,3518,34120277,no,none,yes,0.0121975,False,760,3518,0.0122,173.0,300955.0,BEST FOUND,61.27167630057804
fs_760_2.txt,271.2,4.491968140779469,276,760,3518,34019644,no,none,yes,0.0121975,False,760,3518,0.0122,173.0,300939.0,BEST FOUND,59.53757225433526
jagmesh8.txt,573.0,2.7888667551136024,578,1141,3162,62933168,no,none,yes,0.00486185,False,1141,3162,0.00486,572.0,301078.0,BEST FOUND,1.048951048951049
gr_30_30.txt,318.2,1.8737959096740209,321,900,3422,46967328,no,none,yes,0.00845878,False,900,3422,0.00846,315.0,300746.0,BEST FOUND,1.9047619047619049
cavity01.txt,19.0,0.0,19,317,4237,9617942,no,none,yes,0.0845945,False,317,4237,0.08459,18.0,252.0,OPTIMAL,5.555555555555555
cavity02.txt,19.2,0.4216370213557835,20,317,4237,9442938,no,none,yes,0.0845945,False,317,4237,0.08459,18.0,271.0,OPTIMAL,11.11111111111111
cavity03.txt,19.1,0.3162277660168379,20,317,4237,9701898,no,none,yes,0.0845945,False,317,4237,0.08459,18.0,253.0,OPTIMAL,11.11111111111111
cavity04.txt,19.0,0.0,19,317,4237,9653388,no,none,yes,0.0845945,False,317,4237,0.08459,18.0,276.0,OPTIMAL,5.555555555555555
gre_1107.txt,463.5,3.3747427885527665,471,1107,4557,60303753,no,none,yes,0.007444,False,1107,4557,0.00744,404.0,300937.0,BEST FOUND,16.584158415841586
watt__1.txt,1068.3,6.074537019394976,1078,1856,4816,96586670,no,none,yes,0.00279766,False,1856,4816,0.0028,968.0,303106.0,BEST FOUND,11.363636363636363
pores_2.txt,316.2,3.552776691859792,321,1224,5822,66087799,no,none,yes,0.00777847,False,1224,5822,0.00778,271.0,301235.0,BEST FOUND,18.45018450184502
steam2.txt,91.7,3.093002855909879,95,600,6580,19928494,no,none,yes,0.0366166,False,600,6580,0.03662,77.0,301273.0,BEST FOUND,23.376623376623375
mahindas.txt,540.5,3.503966006938104,545,1258,7513,72124724,no,none,yes,0.00950227,False,1258,7513,0.0095,461.0,301096.0,BEST FOUND,18.22125813449024
nos3.txt,172.7,1.9465068427541905,175,960,7442,47823426,no,none,yes,0.016167,False,960,7442,0.01617,174.0,301016.0,BEST FOUND,0.5747126436781609
dwt__992.txt,169.3,2.0575065816014573,173,992,7876,50154574,no,none,yes,0.0160232,False,992,7876,0.01602,175.0,301324.0,BEST FOUND,-1.1428571428571428
add20.txt,1636.5,28.348035401260343,1674,2395,7462,180167976,no,none,yes,0.00260289,False,2395,7462,0.0026,790.0,2579.0,OPTIMAL,111.89873417721519
eris1176.txt,576.9,4.931756504757916,586,1176,8688,20180546,no,none,yes,0.0125749,False,1176,8688,0.01257,552.0,302289.0,BEST FOUND,6.159420289855073
fidapm02.txt,43.3,1.702938636592639,46,537,9352,21752853,no,none,yes,0.0649823,False,537,9352,0.06498,41.0,1536.0,OPTIMAL,12.195121951219512
qc324.txt,8.0,0.0,8,324,13203,8917623,no,none,yes,0.252322,False,324,13203,0.25232,8.0,1606.0,OPTIMAL,0.0
fidap002.txt,14.0,0.0,14,441,13195,14371050,no,none,yes,0.136003,False,441,13195,0.136,14.0,2417.0,OPTIMAL,0.0
mcfe.txt,93.3,0.8232726023485633,95,765,15358,25842780,no,none,yes,0.0525545,False,765,15358,0.05255,92.0,2598.0,OPTIMAL,3.260869565217391
rbs480b.txt,23.6,2.0655911179772883,26,480,16400,14960323,no,none,yes,0.142658,False,480,16400,0.14266,16.0,29288.0,OPTIMAL,62.5
rbs480a.txt,22.2,0.6324555320336759,24,480,16408,15130803,no,none,yes,0.142728,False,480,16408,0.14273,16.0,23249.0,OPTIMAL,50.0
fidap004.txt,192.6,2.7162065049951147,196,1601,15343,37572604,no,none,yes,0.0119792,False,1601,15343,0.01198,175.0,302447.0,BEST FOUND,12.0
fidap024.txt,236.6,1.9550504398153583,241,2283,23225,148690899,no,none,yes,0.00891588,False,2283,23225,0.00892,240.0,303229.0,BEST FOUND,0.4166666666666667
fidapm03.txt,315.7,3.3349995835415367,320,2532,23924,186566980,no,none,yes,0.00746634,False,2532,23924,0.00747,292.0,303835.0,BEST FOUND,9.58904109589041
fidap003.txt,153.6,2.170509412813296,157,1821,25419,48751966,no,none,yes,0.0153394,False,1821,25419,0.01534,148.0,303449.0,BEST FOUND,6.081081081081082
fidapm10.txt,440.7,6.056218108504504,450,3046,25398,275663512,no,none,yes,0.00547662,False,3046,25398,0.00548,400.0,304343.0,BEST FOUND,12.5
fidap014.txt,400.2,3.8239014399200006,407,3251,31698,322726208,no,none,yes,0.00600014,False,3251,31698,0.006,363.0,305701.0,BEST FOUND,12.121212121212121
mbeause.txt,4.0,0.0,4,492,36209,15178780,no,none,yes,0.299778,False,492,36209,0.29978,4.0,1865.0,OPTIMAL,0.0
fidap013.txt,210.4,1.9550504398153563,214,2568,36530,203087813,no,none,yes,0.011083,False,2568,36530,0.01108,203.0,305363.0,BEST FOUND,5.41871921182266
fidap028.txt,160.3,1.6363916944844794,162,2603,37525,191083845,no,none,yes,0.0110808,False,2603,37525,0.01108,156.0,305509.0,BEST FOUND,3.8461538461538463
fidap012.txt,518.1,2.1317702607092657,521,3973,38089,528555615,no,none,yes,0.00482727,False,3973,38089,0.00483,467.0,308743.0,BEST FOUND,11.563169164882227
mbeacxc.txt,4.0,0.0,4,487,41686,17554434,no,none,yes,0.352253,False,487,41686,0.35225,4.0,2215.0,OPTIMAL,0.0
mbeaflw.txt,4.0,0.0,4,487,41686,16649452,no,none,yes,0.352253,False,487,41686,0.35225,4.0,2262.0,OPTIMAL,0.0
fidap031.txt,392.1,1.523883926754995,395,3909,55695,273982161,no,none,yes,0.00729165,False,3909,55695,0.00729,366.0,310567.0,BEST FOUND,7.923497267759563
psmigr_1.txt,61.9,1.66332999331662,64,3140,410781,840768555,no,none,yes,0.0833526,False,3140,410781,0.08335,28.0,190349.0,OPTIMAL,128.57142857142858
cubic_100.txt,74.2,1.135292424395093,76,100,150,3250614,no,none,yes,0.030303,False,100,150,0.0303,70.0,301062.0,BEST FOUND,8.571428571428571
cubic_200.txt,148.5,1.354006400772653,151,200,300,2205672,no,none,yes,0.0150754,False,200,300,0.01508,153.0,300357.0,BEST FOUND,-1.3071895424836601
cubic_300.txt,224.3,1.8287822299126983,227,300,450,14375187,no,none,yes,0.0100334,False,300,450,0.01003,232.0,300199.0,BEST FOUND,-2.1551724137931036
cubic_400.txt,301.4,1.505545305418163,304,400,600,18720667,no,none,yes,0.0075188,False,400,600,0.00752,311.0,300165.0,BEST FOUND,-2.2508038585209005
cubic_500.txt,376.8,2.299758441421368,379,500,750,24681549,no,none,yes,0.00601202,False,500,750,0.00601,402.0,300695.0,BEST FOUND,-5.721393034825871
cubic_600.txt,453.6,2.7162065049951094,458,600,900,32428833,no,none,yes,0.00500835,False,600,900,0.00501,486.0,300307.0,BEST FOUND,-5.761316872427984
cubic_700.txt,530.7,2.6687491868330824,535,700,1050,37588489,no,none,yes,0.00429185,False,700,1050,0.00429,562.0,300376.0,BEST FOUND,-4.804270462633451
cubic_800.txt,615.6,4.087922591134922,621,800,1200,43566408,no,none,yes,0.00375469,False,800,1200,0.00375,647.0,300310.0,BEST FOUND,-4.01854714064915
cubic_900.txt,696.9,3.5730472522297854,703,900,1350,49370467,no,none,yes,0.00333704,False,900,1350,0.00334,716.0,300766.0,BEST FOUND,-1.8156424581005588
cubic_1000.txt,779.5,4.0345728123034,787,1000,1500,57246591,no,none,yes,0.003003,False,1000,1500,0.003,804.0,300772.0,BEST FOUND,-2.1144278606965177
cubic_1100.txt,863.7,4.056544780420343,869,1100,1650,63522524,no,none,yes,0.00272975,False,1100,1650,0.00273,896.0,301127.0,BEST FOUND,-3.013392857142857
cubic_1200.txt,947.9,2.6436506745197725,952,1200,1800,71860153,no,none,yes,0.00250209,False,1200,1800,0.0025,976.0,300822.0,BEST FOUND,-2.459016393442623
cubic_1300.txt,1022.5,4.301162633521305,1029,1300,1950,26104193,no,none,yes,0.00230947,False,1300,1950,0.00231,1047.0,301790.0,BEST FOUND,-1.7191977077363898
cubic_1400.txt,1101.5,4.116363011742838,1107,1400,2100,85997082,no,none,yes,0.00214439,False,1400,2100,0.00214,1152.0,301121.0,BEST FOUND,-3.90625
cubic_1500.txt,1188.7,3.497618237219928,1197,1500,2250,93794306,no,none,yes,0.00200133,False,1500,2250,0.002,1210.0,302515.0,BEST FOUND,-1.0743801652892562
cubic_1600.txt,1272.7,5.578729445153474,1279,1600,2400,115342430,no,none,yes,0.00187617,False,1600,2400,0.00188,1275.0,301277.0,BEST FOUND,0.3137254901960784
cubic_1700.txt,1344.2,3.359894178227784,1348,1700,2550,106108169,no,none,yes,0.00176574,False,1700,2550,0.00177,1392.0,301537.0,BEST FOUND,-3.1609195402298855
cubic_1800.txt,1436.2,5.050852513300223,1443,1800,2700,119935413,no,none,yes,0.00166759,False,1800,2700,0.00167,1447.0,301796.0,BEST FOUND,-0.27643400138217
cubic_1900.txt,1522.5,4.836206042848977,1529,1900,2850,123164688,no,none,yes,0.00157978,False,1900,2850,0.00158,1560.0,302070.0,BEST FOUND,-1.987179487179487
cubic_2000.txt,1592.5,4.478342947514789,1600,2000,3000,79309994,no,none,yes,0.00150075,False,2000,3000,0.0015,1618.0,303340.0,BEST FOUND,-1.1124845488257107
cubic_2100.txt,1681.8,4.894441291460725,1691,2100,3150,74916809,no,none,yes,0.00142925,False,2100,3150,0.00143,1720.0,302427.0,BEST FOUND,-1.686046511627907
cubic_2200.txt,1763.8,2.973961069759391,1768,2200,3300,162610787,no,none,yes,0.00136426,False,2200,3300,0.00136,1789.0,302563.0,BEST FOUND,-1.1738401341531581
cubic_2300.txt,1849.3,2.8303906287138365,1853,2300,3450,175815597,no,none,yes,0.00130492,False,2300,3450,0.0013,1863.0,303750.0,BEST FOUND,-0.5367686527106817
cubic_2400.txt,1936.3,4.620004810002336,1944,2400,3600,177950971,no,none,yes,0.00125052,False,2400,3600,0.00125,1982.0,305738.0,BEST FOUND,-1.917255297679112
cubic_2500.txt,2004.7,6.532823109328618,2022,2500,3750,202793150,no,none,yes,0.00120048,False,2500,3750,0.0012,2069.0,303551.0,BEST FOUND,-2.2716288061865635
cubic_2600.txt,2108.4,4.695151163109078,2115,2600,3900,208539218,no,none,yes,0.00115429,False,2600,3900,0.00115,2113.0,305756.0,BEST FOUND,0.09465215333648841
cubic_2700.txt,2175.3,3.622460796505929,2181,2700,4050,252808692,no,none,yes,0.00111152,False,2700,4050,0.00111,2216.0,305979.0,BEST FOUND,-1.57942238267148
cubic_2800.txt,2260.3,6.377913277693353,2269,2800,4200,120273269,no,none,yes,0.00107181,False,2800,4200,0.00107,2304.0,305257.0,BEST FOUND,-1.519097222222222
cubic_2900.txt,2344.0,4.47213595499963,2350,2900,4350,287953813,no,none,yes,0.00103484,False,2900,4350,0.00103,2381.0,307466.0,BEST FOUND,-1.3019739605207896
cubic_3000.txt,2443.9,4.998888765404687,2451,3000,4500,155327522,no,none,yes,0.00100033,False,3000,4500,0.001,2471.0,304515.0,BEST FOUND,-0.8093889113719142
johnson8-2-4.txt,6.1,0.3162277660168379,7,28,210,941606,no,none,yes,0.555556,True,28,210,0.55556,6.0,174.0,OPTIMAL,16.666666666666664
hamming6-4.txt,9.0,1.414213562373095,12,64,704,2128732,no,none,yes,0.349206,False,64,704,0.34921,8.0,5188.0,OPTIMAL,50.0
MANN-a9.txt,4.0,0.0,4,45,918,1196478,no,none,yes,0.927273,True,45,918,0.92727,4.0,600.0,OPTIMAL,0.0
c-fat200-1.txt,37.0,0.0,37,200,1534,5899850,no,none,yes,0.0770854,False,200,1534,0.07709,37.0,300592.0,BEST FOUND,0.0
hamming6-2.txt,4.0,0.0,4,64,1824,1910687,no,none,yes,0.904762,True,64,1824,0.90476,4.0,259.0,OPTIMAL,0.0
johnson8-4-4.txt,4.0,0.0,4,70,1855,1951318,no,none,yes,0.768116,True,70,1855,0.76812,4.0,3555.0,OPTIMAL,0.0
c-fat200-2.txt,18.0,0.0,18,200,3235,5998340,yes,h2,yes,0.162563,False,200,3235,0.16256,18.0,300836.0,BEST FOUND,0.0
c-fat500-1.txt,80.0,0.0,80,500,4459,14844755,no,none,yes,0.0357435,False,500,4459,0.03574,80.0,300530.0,BEST FOUND,0.0
johnson16-2-4.txt,6.2,0.4216370213557841,7,120,5460,3606218,no,none,yes,0.764706,True,120,5460,0.76471,6.0,58196.0,OPTIMAL,16.666666666666664
C125-9.txt,4.0,0.0,4,125,6963,3481782,no,none,yes,0.898452,True,125,6963,0.89845,4.0,1641.0,OPTIMAL,0.0
c-fat200-5.txt,7.0,0.0,7,200,8473,5705919,no,none,yes,0.425779,False,200,8473,0.42578,7.0,15833.0,OPTIMAL,0.0
c-fat500-2.txt,40.0,0.0,40,500,9139,14942777,no,none,yes,0.0732585,False,500,9139,0.07326,40.0,301081.0,BEST FOUND,0.0
keller4.txt,4.0,0.0,4,171,9435,4975245,no,none,yes,0.649123,True,171,9435,0.64912,4.0,848.0,OPTIMAL,0.0
brock200-2.txt,10.0,0.0,10,200,9876,6034916,no,none,yes,0.496281,False,200,9876,0.49628,8.0,300463.0,BEST FOUND,25.0
brock200-3.txt,9.5,0.5270462766947305,10,200,12048,6012190,no,none,yes,0.605427,True,200,12048,0.60543,6.0,123267.0,OPTIMAL,66.66666666666666
brock200-4.txt,7.5,0.8498365855987974,8,200,13089,5082541,no,none,yes,0.657739,True,200,13089,0.65774,6.0,67135.0,OPTIMAL,33.33333333333333
sanr200-0-7.txt,6.8,0.421637021355784,7,200,13868,5422375,no,none,yes,0.696884,True,200,13868,0.69688,6.0,134219.0,OPTIMAL,16.666666666666664
san200-0-7-1.txt,6.0,0.0,6,200,13930,5670233,no,none,yes,0.7,True,200,13930,0.7,4.0,7286.0,OPTIMAL,50.0
san200-0-7-2.txt,6.2,0.6324555320336759,8,200,13930,6658595,no,none,yes,0.7,True,200,13930,0.7,6.0,72264.0,OPTIMAL,33.33333333333333
brock200-1.txt,6.0,0.0,6,200,14834,6006446,no,none,yes,0.745427,True,200,14834,0.74543,6.0,228165.0,OPTIMAL,0.0
sanr200-0-9.txt,4.0,0.0,4,200,17863,5096079,no,none,yes,0.897638,True,200,17863,0.89764,4.0,9552.0,OPTIMAL,0.0
gen200-p0-9-44.txt,4.0,0.0,4,200,17910,5561642,no,none,yes,0.9,True,200,17910,0.9,4.0,8566.0,OPTIMAL,0.0
gen200-p0-9-55.txt,4.0,0.0,4,200,17910,4948516,no,none,yes,0.9,True,200,17910,0.9,4.0,8784.0,OPTIMAL,0.0
san200-0-9-1.txt,4.0,0.0,4,200,17910,5044386,no,none,yes,0.9,True,200,17910,0.9,4.0,9524.0,OPTIMAL,0.0
san200-0-9-2.txt,4.0,0.0,4,200,17910,5544551,no,none,yes,0.9,True,200,17910,0.9,4.0,11252.0,OPTIMAL,0.0
san200-0-9-3.txt,4.5,0.5270462766947299,5,200,17910,5344138,no,none,yes,0.9,True,200,17910,0.9,4.0,11074.0,OPTIMAL,25.0
hamming8-4.txt,4.0,0.0,4,256,20864,7774853,no,none,yes,0.639216,True,256,20864,0.63922,4.0,2595.0,OPTIMAL,0.0
c-fat500-5.txt,16.0,0.0,16,500,23191,13673154,no,none,yes,0.1859,False,500,23191,0.1859,16.0,301228.0,BEST FOUND,0.0
C250-9.txt,4.0,0.0,4,250,27984,7322006,no,none,yes,0.899084,True,250,27984,0.89908,4.0,20082.0,OPTIMAL,0.0
hamming8-2.txt,4.0,0.0,4,256,31616,6270560,no,none,yes,0.968627,True,256,31616,0.96863,4.0,11306.0,OPTIMAL,0.0
p-hat300-3.txt,6.0,0.0,6,300,33390,7921174,no,none,yes,0.744482,True,300,33390,0.74448,6.0,301239.0,BEST FOUND,0.0
san400-0-5-1.txt,8.0,0.0,8,400,39900,13906262,no,none,yes,0.5,False,400,39900,0.5,8.0,301545.0,BEST FOUND,0.0
sanr400-0-5.txt,11.4,0.9660917830792958,12,400,39984,9417082,no,none,yes,0.501053,True,400,39984,0.50105,10.0,301339.0,BEST FOUND,20.0
c-fat500-10.txt,8.0,0.0,8,500,46627,19729091,no,none,yes,0.373764,False,500,46627,0.37376,8.0,301891.0,BEST FOUND,0.0
san400-0-7-1.txt,6.1,0.316227766016838,7,400,55860,5378955,no,none,yes,0.7,True,400,55860,0.7,6.0,302474.0,BEST FOUND,16.666666666666664
san400-0-7-2.txt,6.7,0.4830458915396479,7,400,55860,16614442,no,none,yes,0.7,True,400,55860,0.7,6.0,302460.0,BEST FOUND,16.666666666666664
san400-0-7-3.txt,6.2,0.6324555320336761,8,400,55860,13926559,no,none,yes,0.7,True,400,55860,0.7,6.0,302338.0,BEST FOUND,33.33333333333333
sanr400-0-7.txt,8.0,0.0,8,400,55869,12163826,no,none,yes,0.700113,True,400,55869,0.70011,6.0,303552.0,BEST FOUND,33.33333333333333
brock400-3.txt,8.0,0.0,8,400,59681,21124967,no,none,yes,0.747882,True,400,59681,0.74788,6.0,302035.0,BEST FOUND,33.33333333333333
brock400-1.txt,7.0,0.0,7,400,59723,23808674,no,none,yes,0.748408,True,400,59723,0.74841,6.0,302576.0,BEST FOUND,16.666666666666664
brock400-4.txt,6.0,0.0,6,400,59765,7450032,no,none,yes,0.748935,True,400,59765,0.74893,6.0,302168.0,BEST FOUND,0.0
brock400-2.txt,7.3,0.9486832980505138,8,400,59786,17745000,no,none,yes,0.749198,True,400,59786,0.7492,6.0,302705.0,BEST FOUND,33.33333333333333
p-hat700-1.txt,24.1,0.316227766016838,25,700,60999,10674265,no,none,yes,0.249332,False,700,60999,0.24933,18.0,302442.0,BEST FOUND,38.88888888888889
p-hat500-2.txt,10.0,0.0,10,500,62946,25016727,no,none,yes,0.504577,True,500,62946,0.50458,8.0,302804.0,BEST FOUND,25.0
MANN-a27.txt,4.0,0.0,4,378,70551,26214457,no,none,yes,0.990148,True,378,70551,0.99015,4.0,175874.0,OPTIMAL,0.0
gen400-p0-9-55.txt,4.6,0.5163977794943222,5,400,71820,14316749,no,none,yes,0.9,True,400,71820,0.9,4.0,86736.0,OPTIMAL,25.0
gen400-p0-9-65.txt,4.1,0.3162277660168379,5,400,71820,17168125,no,none,yes,0.9,True,400,71820,0.9,4.0,94870.0,OPTIMAL,25.0
gen400-p0-9-75.txt,4.1,0.3162277660168379,5,400,71820,14429740,no,none,yes,0.9,True,400,71820,0.9,4.0,94590.0,OPTIMAL,25.0
san400-0-9-1.txt,4.0,0.0,4,400,71820,9758037,no,none,yes,0.9,True,400,71820,0.9,4.0,97682.0,OPTIMAL,0.0
p-hat500-3.txt,6.0,0.0,6,500,93800,32881144,no,none,yes,0.751904,True,500,93800,0.7519,6.0,303230.0,BEST FOUND,0.0
johnson32-2-4.txt,6.0,0.0,6,496,107880,9984395,no,none,yes,0.878788,True,496,107880,0.87879,6.0,305879.0,BEST FOUND,0.0
C500-9.txt,4.9,0.316227766016838,5,500,112332,12799761,no,none,yes,0.900457,True,500,112332,0.90046,4.0,209817.0,OPTIMAL,25.0
p-hat700-2.txt,12.4,0.8432740427115678,14,700,121728,29928667,no,none,yes,0.49756,False,700,121728,0.49756,8.0,305533.0,BEST FOUND,75.0
p-hat1000-1.txt,24.4,0.6992058987801011,26,1000,122253,52188758,no,none,yes,0.244751,False,1000,122253,0.24475,20.0,306271.0,BEST FOUND,30.0
p-hat700-3.txt,6.0,0.0,6,700,183010,24614330,no,none,yes,0.748048,True,700,183010,0.74805,6.0,308074.0,BEST FOUND,0.0
brock800-3.txt,10.0,0.4714045207910315,11,800,207333,127172877,no,none,yes,0.648727,True,800,207333,0.64873,8.0,332465.0,BEST FOUND,37.5
brock800-1.txt,10.0,0.0,10,800,207505,61469278,no,none,yes,0.649265,True,800,207505,0.64926,8.0,330909.0,BEST FOUND,25.0
brock800-4.txt,10.0,0.0,10,800,207643,118250671,no,none,yes,0.649696,True,800,207643,0.6497,8.0,328287.0,BEST FOUND,25.0
brock800-2.txt,10.0,0.0,10,800,208166,56102430,no,none,yes,0.651333,True,800,208166,0.65133,8.0,321368.0,BEST FOUND,25.0
keller5.txt,4.0,0.0,4,776,225990,26940399,no,none,yes,0.751546,True,776,225990,0.75155,4.0,381331.0,BEST FOUND,0.0
p-hat1000-2.txt,12.7,0.948683298050514,14,1000,244799,90455783,no,none,yes,0.490088,False,1000,244799,0.49009,10.0,313594.0,BEST FOUND,40.0
san1000.txt,8.0,0.0,8,1000,250500,427372069,no,none,yes,0.501502,True,1000,250500,0.5015,8.0,394123.0,BEST FOUND,0.0
