graph_name,mean_fitness_value,std_fitness_value,best_fitness_value,graph_order,graph_size,elapsed_time(microsecond),matches_heuristic,heuristic_matched,is_valid,density,is_dense
Tina_AskCal.txt,6.3,0.9486832980505137,7,11,25,297447,no,none,yes,0.454545,False
Tina_AskCog.txt,4.8,0.42163702135578385,5,11,27,290434,no,none,yes,0.490909,False
GD01_b.txt,13.1,0.7378647873726218,14,18,26,671807,no,none,yes,0.169935,False
LFAT5.txt,12.0,0.0,12,14,16,687459,no,none,yes,0.175824,False
Tina_DisCal.txt,5.1,0.8755950357709132,6,11,32,365207,no,none,yes,0.581818,True
Tina_DisCog.txt,4.5,0.8498365855987974,6,11,36,347665,no,none,yes,0.654545,True
Stranke94.txt,3.0,0.0,3,10,45,302541,no,none,yes,1.0,True
GD98_a.txt,18.0,0.0,18,38,46,1205098,no,none,yes,0.0654339,False
LF10.txt,11.0,0.0,11,18,32,702589,no,none,yes,0.20915,False
Ragusa18.txt,10.0,0.0,10,23,51,604206,no,none,yes,0.201581,False
GD95_a.txt,25.5,1.1785113019775795,27,36,56,1415389,no,none,yes,0.0888889,False
GD02_a.txt,5.3,0.9486832980505138,6,23,59,676793,no,none,yes,0.233202,False
Ragusa16.txt,12.0,0.0,12,24,58,603404,no,none,yes,0.210145,False
Trefethen_20b.txt,8.5,0.5270462766947299,9,19,64,562397,no,none,yes,0.374269,False
Hamrle1.txt,14.4,1.5055453054181616,17,32,90,1049504,no,none,yes,0.181452,False
GD95_b.txt,30.0,0.0,30,70,95,2092272,no,none,yes,0.0393375,False
GlossGT.txt,34.5,0.7071067811865478,36,67,118,535838,no,none,yes,0.0533695,False
GD99_c.txt,80.1,0.3162277660168395,81,105,120,3292840,no,none,yes,0.021978,False
Sandi_authors.txt,42.5,0.5270462766947294,43,86,124,2732867,no,none,yes,0.0339261,False
GD96_c.txt,39.3,0.4830458915396477,40,65,125,2157026,no,none,yes,0.0600962,False
GD99_b.txt,37.1,1.9692073983655904,41,64,125,1989087,no,none,yes,0.062004,False
GD97_b.txt,13.0,0.0,13,46,132,1303974,no,none,yes,0.127536,False
GD98_b.txt,87.0,0.0,87,121,132,3715845,no,none,yes,0.0181818,False
GD01_c.txt,11.7,0.48304589153964833,12,33,135,1050378,no,none,yes,0.255682,False
GD95_c.txt,24.0,1.1547005383792524,26,62,144,2190042,no,none,yes,0.0761502,False
GD97_a.txt,50.2,0.9189365834726823,51,84,166,2837577,no,none,yes,0.047619,False
GD98_c.txt,82.9,0.9944289260117549,84,112,168,3787108,no,none,yes,0.027027,False
GD06_theory.txt,20.0,0.0,20,101,190,2870344,no,none,yes,0.0376238,False
GD96_b.txt,34.0,0.0,34,111,193,3320395,no,none,yes,0.0316134,False
GD96_d.txt,114.0,0.0,114,180,228,5681580,no,none,yes,0.0141527,False
GD02_b.txt,33.3,1.4944341180973262,35,80,232,2409573,no,none,yes,0.0734177,False
GD00_a.txt,242.3,0.4830458915396479,243,352,384,12321105,no,none,yes,0.00621601,False
GD97_c.txt,82.1,0.31622776601683894,83,452,460,3678099,no,none,yes,0.00451308,False
08blocks.txt,24.0,0.0,24,300,576,9631666,yes,h2,yes,0.0128428,False
CAG_mat72.txt,11.0,0.0,11,72,678,2254294,no,none,yes,0.265258,False
S10PI_n.txt,647.8,1.2292725943057443,649,682,689,37071696,no,none,yes,0.002967,False
SmallW.txt,19.6,0.8432740427115679,20,233,994,7333023,no,none,yes,0.0367767,False
GD00_c.txt,371.9,1.370320319406307,374,638,1020,6417703,no,none,yes,0.00501961,False
494_bus.txt,367.7,1.76698110409315,370,494,586,23776241,no,none,yes,0.00481231,False
Trefethen_150.txt,39.6,1.2649110640673513,42,150,945,4933570,no,none,yes,0.0845638,False
Erdos971.txt,220.9,1.7288403306519915,225,433,1314,15283549,no,none,yes,0.0140493,False
Erdos981.txt,225.3,1.418136492412178,227,445,1381,16073593,no,none,yes,0.0139791,False
Erdos991.txt,231.6,1.074967699773144,234,454,1417,16421385,no,none,yes,0.0137799,False
Trefethen_200b.txt,51.8,1.5491933384829668,54,199,1337,6617381,no,none,yes,0.0678646,False
Trefethen_200.txt,53.3,0.9486832980505139,55,200,1345,6626012,no,none,yes,0.0675879,False
662_bus.txt,451.7,2.110818693198349,456,662,906,35828831,no,none,yes,0.00414094,False
G11.txt,475.2,7.130529043797838,486,800,1600,11601408,no,none,yes,0.00500626,False
GD96_a.txt,789.0,4.784233364802438,797,1096,1677,63973911,no,none,yes,0.00279472,False
M20PI_n.txt,1156.9,1.3703203194062712,1159,1182,1198,56785891,no,none,yes,0.0017164,False
CSphd.txt,1151.8,1.5491933384829555,1155,1882,1740,54118249,no,none,yes,0.000983039,False
Chebyshev1.txt,3.0,0.0,3,261,1542,7932268,yes,h2,yes,0.0454465,False
L.txt,604.5,4.859126579037758,613,956,1820,52864048,no,none,yes,0.00398694,False
685_bus.txt,403.9,5.021066730398145,412,685,1282,10236804,no,none,yes,0.00547232,False
Harvard500.txt,64.0,0.0,64,500,2043,15980901,no,none,yes,0.0163768,False
USAir97.txt,73.0,0.0,73,332,2126,10343693,no,none,yes,0.0386925,False
Trefethen_300.txt,72.2,1.7511900715418276,75,300,2189,10176155,no,none,yes,0.0488071,False
1138_bus.txt,814.6,1.8378731669453616,816,1138,1458,65557834,no,none,yes,0.00225364,False
EX1.txt,142.0,2.4494897427831765,146,560,4368,23476991,no,none,yes,0.027907,False
EX2.txt,139.4,2.412928142780513,144,560,4368,21873600,no,none,yes,0.027907,False
DK01R.txt,264.6,5.1033757890679,278,903,5641,45484984,no,none,yes,0.0138513,False
CAG_mat364.txt,16.8,0.42163702135578407,17,364,10474,10656845,no,none,yes,0.158538,False
G10.txt,83.8,1.873795909674025,87,800,19176,28047590,no,none,yes,0.06,False
G1.txt,86.7,2.3118054512532935,91,800,19176,27162257,no,none,yes,0.06,False
jgl009.txt,3.0,0.0,3,9,32,284185,no,none,yes,0.888889,True
rgg010.txt,3.0,0.0,3,10,45,289337,no,none,yes,1.0,True
jgl011.txt,3.0,0.0,3,11,49,272304,yes,h1,yes,0.890909,True
bcspwr01.txt,30.2,0.42163702135578396,31,39,46,1464711,no,none,yes,0.0620783,False
can___24.txt,10.7,1.3374935098492586,12,24,68,689694,no,none,yes,0.246377,False
bcspwr02.txt,34.1,0.7378647873726221,36,49,59,1805934,no,none,yes,0.0501701,False
ibm32.txt,16.7,0.9486832980505137,19,32,90,1072835,no,none,yes,0.181452,False
pores_1.txt,10.2,0.6324555320336759,12,30,103,1058979,no,none,yes,0.236782,False
can___62.txt,46.6,0.9660917830792953,48,62,78,2194000,no,none,yes,0.041248,False
dwt___72.txt,64.9,0.31622776601683894,65,72,75,2175704,no,none,yes,0.0293427,False
fidap005.txt,7.0,0.0,7,27,126,929367,no,none,yes,0.358974,False
dwt___59.txt,36.2,1.032795558988644,38,59,104,2096073,no,none,yes,0.0607832,False
curtis54.txt,23.0,0.0,23,54,124,1618956,no,none,yes,0.0866527,False
will57.txt,23.1,0.31622776601683755,24,57,127,1733921,no,none,yes,0.0795739,False
dwt___66.txt,38.9,0.5676462121975471,40,66,127,2149850,no,none,yes,0.0592075,False
bcsstk01.txt,17.9,1.3703203194062976,19,48,176,1454089,no,none,yes,0.156028,False
can___73.txt,33.1,0.31622776601683744,34,73,152,826863,no,none,yes,0.0578387,False
tub100.txt,68.6,0.9660917830792949,70,100,148,4584064,no,none,yes,0.029899,False
bcspwr03.txt,74.4,0.5163977794943178,75,118,179,4025772,no,none,yes,0.0259308,False
olm100.txt,50.1,0.31622776601683905,51,100,197,3037486,no,none,yes,0.039798,False
impcol_b.txt,22.2,0.7888106377466155,23,59,281,2093458,no,none,yes,0.164231,False
ash85.txt,36.6,0.9660917830792961,38,85,219,2832300,no,none,yes,0.0613445,False
can___61.txt,12.9,1.1972189997378648,15,61,248,2060117,no,none,yes,0.135519,False
dwt___87.txt,39.9,0.3162277660168383,40,87,227,2601173,no,none,yes,0.060679,False
nos4.txt,48.2,1.2292725943057183,50,100,247,3162995,no,none,yes,0.049899,False
rw136.txt,62.9,1.2866839377079153,64,136,373,4407150,no,none,yes,0.0406318,False
bcsstk03.txt,56.0,0.0,56,112,264,3445428,no,none,yes,0.042471,False
gre__115.txt,62.8,1.7511900715418267,65,115,267,1390947,no,none,yes,0.0407323,False
impcol_c.txt,56.9,1.1972189997378642,60,137,352,4461549,no,none,yes,0.0377845,False
can___96.txt,33.3,0.6749485577105535,34,96,336,3757311,no,none,yes,0.0736842,False
steam3.txt,20.4,0.5163977794943225,21,80,424,2310968,no,none,yes,0.134177,False
dwt__234.txt,151.6,1.3498971154210984,154,234,300,2644777,no,none,yes,0.0110047,False
ck104.txt,31.8,0.9189365834726815,33,104,444,3075444,no,none,yes,0.0828977,False
nos1.txt,159.6,0.9660917830792963,161,237,390,8406052,no,none,yes,0.0139455,False
pde225.txt,134.2,2.299758441421381,137,225,420,10103993,no,none,yes,0.0166667,False
rdb200l.txt,106.1,2.0789954839350235,109,200,460,2242190,no,none,yes,0.0231156,False
rdb200.txt,105.5,3.1710495984067424,110,200,460,7479013,no,none,yes,0.0231156,False
dwt__162.txt,64.8,1.813529401164727,69,162,510,5562743,no,none,yes,0.0391074,False
will199.txt,79.0,1.49071198499986,82,199,660,7712117,no,none,yes,0.0335008,False
saylr1.txt,143.0,1.4907119849998625,145,238,445,2958246,no,none,yes,0.0157785,False
can__144.txt,34.2,1.0327955589886444,36,144,576,4689972,no,none,yes,0.0559441,False
lop163.txt,55.7,1.56702123647242,58,163,598,5113444,no,none,yes,0.0452927,False
can__161.txt,51.8,0.4216370213557833,52,161,608,4939327,no,none,yes,0.047205,False
dwt__198.txt,79.3,1.1595018087284057,81,198,597,9869028,no,none,yes,0.0306107,False
odep400a.txt,398.0,0.0,398,400,402,13489711,no,none,yes,0.00503759,False
gre__185.txt,78.6,2.2211108331943574,82,185,650,7408067,no,none,yes,0.0381904,False
can__187.txt,65.3,1.4181364924121764,67,187,652,7969312,no,none,yes,0.0374907,False
dwt__245.txt,127.0,1.763834207376393,131,245,608,9487524,no,none,yes,0.0203413,False
gre_216a.txt,88.2,1.8135294011647258,91,216,660,8083203,no,none,yes,0.0284238,False
gre_216b.txt,89.1,1.1005049346146123,91,216,660,7785336,no,none,yes,0.0284238,False
fs_183_1.txt,37.4,3.1340424729448424,46,183,701,5897136,no,none,yes,0.0420945,False
fs_183_3.txt,36.6,0.9660917830792964,38,183,701,5842195,no,none,yes,0.0420945,False
fs_183_4.txt,36.2,0.6324555320336754,38,183,701,5835348,no,none,yes,0.0420945,False
fs_183_6.txt,36.6,0.9660917830792954,38,183,701,5861145,no,none,yes,0.0420945,False
dwt__221.txt,83.5,1.35400640077266,86,221,704,7909484,no,none,yes,0.0289593,False
bcspwr04.txt,143.5,1.0801234497346435,145,274,669,9160813,no,none,yes,0.0178872,False
nnc261.txt,93.0,1.0540925533894583,94,261,794,8367743,no,none,yes,0.0234011,False
dwt__209.txt,73.1,1.1972189997378664,76,209,767,8322480,no,none,yes,0.0352871,False
can__229.txt,88.6,2.170509412813297,93,229,774,9393286,no,none,yes,0.0296484,False
lshp_265.txt,127.8,2.201009869229224,132,265,744,9971964,no,none,yes,0.0212693,False
bcspwr05.txt,309.9,2.2335820757001175,313,443,590,16898501,no,none,yes,0.00602637,False
impcol_e.txt,46.2,0.42163702135578385,47,225,1187,7572943,no,none,yes,0.0471032,False
ash292.txt,111.4,2.11869981094276,115,292,958,13834054,no,none,yes,0.0225486,False
lund_b.txt,31.9,1.370320319406299,34,147,1147,4427766,no,none,yes,0.106887,False
lund_a.txt,31.3,0.8232726023485646,32,147,1151,4844228,no,none,yes,0.107259,False
impcol_d.txt,152.6,3.8064273129653814,158,425,1267,16781309,no,none,yes,0.0140622,False
dwt__310.txt,108.5,1.0801234497346406,110,310,1069,11595773,no,none,yes,0.0223197,False
rw496.txt,230.1,2.643650674519782,235,496,1423,24582197,no,none,yes,0.0115917,False
gre__343.txt,137.4,2.2211108331943596,141,343,1092,15134095,no,none,yes,0.018618,False
olm500.txt,250.2,0.4216370213557856,251,500,997,22527638,no,none,yes,0.00799198,False
rdb450.txt,233.8,2.740640638812596,237,450,1065,22953952,no,none,yes,0.0105419,False
tols90.txt,3.0,0.0,3,90,1449,2388198,no,none,yes,0.361798,False
lshp_406.txt,190.7,2.3593784492248515,196,406,1155,19361123,no,none,yes,0.0140485,False
662_bus.txt,451.4,2.06559111797729,455,662,906,36085812,no,none,yes,0.00414094,False
can__256.txt,43.0,1.2472191289246468,45,256,1330,8230040,no,none,yes,0.0407475,False
ck400.txt,210.6,1.2649110640673507,212,400,1244,14508748,no,none,yes,0.015589,False
dwt__361.txt,130.8,2.1499353995462775,136,361,1296,16048800,no,none,yes,0.0199446,False
shl____0.txt,237.7,6.1833108714776195,248,663,1682,29174111,no,none,yes,0.00766451,False
shl__400.txt,246.1,2.282785822435189,249,663,1709,27876134,no,none,yes,0.00778754,False
qh768.txt,461.2,1.3984117975602062,463,768,1322,33262439,no,none,yes,0.00448854,False
dwt__346.txt,138.5,1.4337208778404353,141,346,1440,3646938,no,none,yes,0.0241267,False
dwt__492.txt,215.2,0.9189365834726809,217,492,1332,22274318,no,none,yes,0.0110278,False
dwt__193.txt,32.0,0.6666666666666665,33,193,1650,6239416,no,none,yes,0.0890544,False
mcca.txt,93.0,0.0,93,180,1680,5480023,no,none,yes,0.104283,False
bcsstk04.txt,17.1,1.1972189997378646,19,132,1758,4209391,no,none,yes,0.203331,False
tols340.txt,153.0,0.0,153,340,1649,10406958,yes,h2,yes,0.0286136,False
nos6.txt,413.2,3.6757463338907206,422,675,1290,36017534,no,none,yes,0.00567095,False
dwt__419.txt,141.7,2.3118054512532957,146,419,1572,16648224,no,none,yes,0.0179511,False
steam1.txt,52.5,3.92286743197994,59,240,1761,7517536,no,none,yes,0.0614017,False
fs_680_1.txt,322.0,0.0,322,680,1464,20503750,no,none,yes,0.00634151,False
fs_680_2.txt,322.0,0.0,322,680,1464,21089597,no,none,yes,0.00634151,False
fs_680_3.txt,322.0,0.0,322,680,1464,22424070,no,none,yes,0.00634151,False
gre__512.txt,202.0,1.8257418583505538,206,512,1680,25297176,no,none,yes,0.0128425,False
bcsstk02.txt,3.0,0.0,3,66,2145,1750610,no,none,yes,1.0,True
ck656.txt,417.0,1.0540925533894625,419,656,1628,34321669,no,none,yes,0.00757773,False
fidap001.txt,26.6,0.9660917830792962,28,216,2079,6819471,no,none,yes,0.0895349,False
pores_3.txt,237.9,1.3703203194062974,240,532,1850,20295892,no,none,yes,0.0130977,False
str____0.txt,129.0,3.887301263230211,135,363,2446,12362401,no,none,yes,0.0372281,False
young1c.txt,522.2,3.489667287547311,528,841,1624,44834965,no,none,yes,0.0045977,False
young2c.txt,521.3,3.334999583541526,525,841,1624,44879450,no,none,yes,0.0045977,False
utm300.txt,78.7,1.1595018087284066,81,300,2191,14550665,no,none,yes,0.0488517,False
young3c.txt,508.1,2.7668674625929515,512,841,1671,45615940,no,none,yes,0.00473076,False
nos2.txt,659.3,2.7100635498903896,664,957,1590,13854678,no,none,yes,0.00347582,False
nnc666.txt,207.1,0.31622776601683916,208,666,2148,27550581,no,none,yes,0.00969993,False
hor__131.txt,132.8,1.9888578520235072,136,434,2138,16283988,no,none,yes,0.0227541,False
nos7.txt,367.5,4.27525177946022,374,729,1944,38400943,no,none,yes,0.00732601,False
nos5.txt,149.3,2.0027758514399676,152,468,2352,20174099,no,none,yes,0.0215231,False
cdde1.txt,601.2,3.5213633723317765,608,961,1860,53265428,no,none,yes,0.00403226,False
cdde2.txt,598.9,4.357624225296268,606,961,1860,14529896,no,none,yes,0.00403226,False
cdde3.txt,601.5,3.3747427885527457,606,961,1860,53348216,no,none,yes,0.00403226,False
cdde4.txt,599.4,4.926120853842977,609,961,1860,53289317,no,none,yes,0.00403226,False
cdde5.txt,599.6,6.915361322607969,608,961,1860,53217241,no,none,yes,0.00403226,False
cdde6.txt,600.9,3.8715486421959233,608,961,1860,53414915,no,none,yes,0.00403226,False
fs_541_1.txt,3.0,0.0,3,541,2466,17602456,yes,h2,yes,0.0168823,False
fs_541_2.txt,3.0,0.0,3,541,2466,17667009,yes,h2,yes,0.0168823,False
fs_541_3.txt,3.0,0.0,3,541,2466,17610600,yes,h2,yes,0.0168823,False
fs_541_4.txt,3.0,0.0,3,541,2466,17626154,yes,h2,yes,0.0168823,False
e05r0000.txt,18.1,0.31622776601683766,19,236,2847,2010872,no,none,yes,0.102669,False
e05r0100.txt,18.1,0.31622776601683794,19,236,2847,9073918,no,none,yes,0.102669,False
e05r0200.txt,18.1,0.316227766016838,19,236,2847,8009067,no,none,yes,0.102669,False
e05r0300.txt,18.2,0.6324555320336757,20,236,2847,7827543,no,none,yes,0.102669,False
e05r0400.txt,18.0,0.0,18,236,2847,7519305,no,none,yes,0.102669,False
str__200.txt,116.8,3.0840089349921005,123,363,3049,12702831,no,none,yes,0.0464058,False
plat362.txt,72.2,1.0327955589886435,74,362,2712,4987229,no,none,yes,0.0415053,False
str__400.txt,117.5,1.7159383568311644,120,363,3124,13995323,no,none,yes,0.0475473,False
bp_____0.txt,285.3,3.334999583541538,289,822,3260,38912535,no,none,yes,0.00966123,False
dwt__503.txt,140.4,1.955050439815356,143,503,2762,21985945,no,none,yes,0.0218767,False
bcspwr06.txt,1023.0,3.3993463423951953,1030,1454,1923,89025271,no,none,yes,0.00182045,False
jagmesh1.txt,454.8,2.8596814119369647,460,936,2664,50417310,no,none,yes,0.00608803,False
bcspwr07.txt,1131.3,2.6267851073127417,1135,1612,2106,101080854,no,none,yes,0.00162191,False
bp___200.txt,259.3,3.5605867181937483,265,822,3788,35708186,no,none,yes,0.011226,False
jagmesh2.txt,485.5,3.5355339059327373,490,1009,2928,54751018,no,none,yes,0.0057577,False
lshp1009.txt,486.5,3.1001792062897104,492,1009,2928,54672209,no,none,yes,0.0057577,False
orsirr_1.txt,476.8,3.8528488738133273,483,1030,2914,56473335,no,none,yes,0.00549879,False
bp___400.txt,249.8,3.645392830531284,255,822,4015,34093219,no,none,yes,0.0118987,False
dwt__918.txt,310.2,2.740640638812594,316,918,3233,49005124,no,none,yes,0.0076811,False
fs_760_1.txt,272.8,3.675746333890717,279,760,3518,34120277,no,none,yes,0.0121975,False
fs_760_2.txt,271.2,4.491968140779469,276,760,3518,34019644,no,none,yes,0.0121975,False
jagmesh8.txt,573.0,2.7888667551136024,578,1141,3162,62933168,no,none,yes,0.00486185,False
gr_30_30.txt,318.2,1.8737959096740207,321,900,3422,46967328,no,none,yes,0.00845878,False
cavity01.txt,19.0,0.0,19,317,4237,9617942,no,none,yes,0.0845945,False
cavity02.txt,19.2,0.4216370213557835,20,317,4237,9442938,no,none,yes,0.0845945,False
cavity03.txt,19.1,0.31622776601683794,20,317,4237,9701898,no,none,yes,0.0845945,False
cavity04.txt,19.0,0.0,19,317,4237,9653388,no,none,yes,0.0845945,False
gre_1107.txt,463.5,3.3747427885527665,471,1107,4557,60303753,no,none,yes,0.007444,False
watt__1.txt,1068.3,6.074537019394976,1078,1856,4816,96586670,no,none,yes,0.00279766,False
pores_2.txt,316.2,3.552776691859792,321,1224,5822,66087799,no,none,yes,0.00777847,False
steam2.txt,91.7,3.093002855909879,95,600,6580,19928494,no,none,yes,0.0366166,False
mahindas.txt,540.5,3.503966006938104,545,1258,7513,72124724,no,none,yes,0.00950227,False
nos3.txt,172.7,1.9465068427541905,175,960,7442,47823426,no,none,yes,0.016167,False
dwt__992.txt,169.3,2.0575065816014573,173,992,7876,50154574,no,none,yes,0.0160232,False
add20.txt,1636.5,28.348035401260343,1674,2395,7462,180167976,no,none,yes,0.00260289,False
eris1176.txt,576.9,4.931756504757916,586,1176,8688,20180546,no,none,yes,0.0125749,False
fidapm02.txt,43.3,1.7029386365926393,46,537,9352,21752853,no,none,yes,0.0649823,False
qc324.txt,8.0,0.0,8,324,13203,8917623,no,none,yes,0.252322,False
fidap002.txt,14.0,0.0,14,441,13195,14371050,no,none,yes,0.136003,False
mcfe.txt,93.3,0.8232726023485633,95,765,15358,25842780,no,none,yes,0.0525545,False
rbs480b.txt,23.6,2.0655911179772883,26,480,16400,14960323,no,none,yes,0.142658,False
rbs480a.txt,22.2,0.6324555320336759,24,480,16408,15130803,no,none,yes,0.142728,False
fidap004.txt,192.6,2.7162065049951147,196,1601,15343,37572604,no,none,yes,0.0119792,False
fidap024.txt,236.6,1.9550504398153583,241,2283,23225,148690899,no,none,yes,0.00891588,False
fidapm03.txt,315.7,3.3349995835415367,320,2532,23924,186566980,no,none,yes,0.00746634,False
fidap003.txt,153.6,2.170509412813296,157,1821,25419,48751966,no,none,yes,0.0153394,False
fidapm10.txt,440.7,6.0562181085045035,450,3046,25398,275663512,no,none,yes,0.00547662,False
fidap014.txt,400.2,3.8239014399200006,407,3251,31698,322726208,no,none,yes,0.00600014,False
mbeause.txt,4.0,0.0,4,492,36209,15178780,no,none,yes,0.299778,False
fidap013.txt,210.4,1.9550504398153565,214,2568,36530,203087813,no,none,yes,0.011083,False
fidap028.txt,160.3,1.6363916944844794,162,2603,37525,191083845,no,none,yes,0.0110808,False
fidap012.txt,518.1,2.1317702607092657,521,3973,38089,528555615,no,none,yes,0.00482727,False
mbeacxc.txt,4.0,0.0,4,487,41686,17554434,no,none,yes,0.352253,False
mbeaflw.txt,4.0,0.0,4,487,41686,16649452,no,none,yes,0.352253,False
fidap031.txt,392.1,1.523883926754995,395,3909,55695,273982161,no,none,yes,0.00729165,False
psmigr_1.txt,61.9,1.66332999331662,64,3140,410781,840768555,no,none,yes,0.0833526,False
cubic_100.txt,74.2,1.135292424395093,76,100,150,3250614,no,none,yes,0.030303,False
cubic_200.txt,148.5,1.354006400772653,151,200,300,2205672,no,none,yes,0.0150754,False
cubic_300.txt,224.3,1.8287822299126983,227,300,450,14375187,no,none,yes,0.0100334,False
cubic_400.txt,301.4,1.5055453054181627,304,400,600,18720667,no,none,yes,0.0075188,False
cubic_500.txt,376.8,2.299758441421368,379,500,750,24681549,no,none,yes,0.00601202,False
cubic_600.txt,453.6,2.7162065049951094,458,600,900,32428833,no,none,yes,0.00500835,False
cubic_700.txt,530.7,2.6687491868330824,535,700,1050,37588489,no,none,yes,0.00429185,False
cubic_800.txt,615.6,4.087922591134922,621,800,1200,43566408,no,none,yes,0.00375469,False
cubic_900.txt,696.9,3.5730472522297854,703,900,1350,49370467,no,none,yes,0.00333704,False
cubic_1000.txt,779.5,4.0345728123033995,787,1000,1500,57246591,no,none,yes,0.003003,False
cubic_1100.txt,863.7,4.056544780420343,869,1100,1650,63522524,no,none,yes,0.00272975,False
cubic_1200.txt,947.9,2.6436506745197725,952,1200,1800,71860153,no,none,yes,0.00250209,False
cubic_1300.txt,1022.5,4.301162633521305,1029,1300,1950,26104193,no,none,yes,0.00230947,False
cubic_1400.txt,1101.5,4.116363011742838,1107,1400,2100,85997082,no,none,yes,0.00214439,False
cubic_1500.txt,1188.7,3.497618237219928,1197,1500,2250,93794306,no,none,yes,0.00200133,False
cubic_1600.txt,1272.7,5.578729445153474,1279,1600,2400,115342430,no,none,yes,0.00187617,False
cubic_1700.txt,1344.2,3.359894178227784,1348,1700,2550,106108169,no,none,yes,0.00176574,False
cubic_1800.txt,1436.2,5.050852513300223,1443,1800,2700,119935413,no,none,yes,0.00166759,False
cubic_1900.txt,1522.5,4.836206042848977,1529,1900,2850,123164688,no,none,yes,0.00157978,False
cubic_2000.txt,1592.5,4.478342947514789,1600,2000,3000,79309994,no,none,yes,0.00150075,False
cubic_2100.txt,1681.8,4.894441291460725,1691,2100,3150,74916809,no,none,yes,0.00142925,False
cubic_2200.txt,1763.8,2.973961069759391,1768,2200,3300,162610787,no,none,yes,0.00136426,False
cubic_2300.txt,1849.3,2.8303906287138365,1853,2300,3450,175815597,no,none,yes,0.00130492,False
cubic_2400.txt,1936.3,4.620004810002336,1944,2400,3600,177950971,no,none,yes,0.00125052,False
cubic_2500.txt,2004.7,6.532823109328618,2022,2500,3750,202793150,no,none,yes,0.00120048,False
cubic_2600.txt,2108.4,4.695151163109078,2115,2600,3900,208539218,no,none,yes,0.00115429,False
cubic_2700.txt,2175.3,3.6224607965059286,2181,2700,4050,252808692,no,none,yes,0.00111152,False
cubic_2800.txt,2260.3,6.377913277693353,2269,2800,4200,120273269,no,none,yes,0.00107181,False
cubic_2900.txt,2344.0,4.47213595499963,2350,2900,4350,287953813,no,none,yes,0.00103484,False
cubic_3000.txt,2443.9,4.998888765404687,2451,3000,4500,155327522,no,none,yes,0.00100033,False
johnson8-2-4.txt,6.1,0.31622776601683794,7,28,210,941606,no,none,yes,0.555556,True
hamming6-4.txt,9.0,1.414213562373095,12,64,704,2128732,no,none,yes,0.349206,False
MANN-a9.txt,4.0,0.0,4,45,918,1196478,no,none,yes,0.927273,True
c-fat200-1.txt,37.0,0.0,37,200,1534,5899850,no,none,yes,0.0770854,False
hamming6-2.txt,4.0,0.0,4,64,1824,1910687,no,none,yes,0.904762,True
johnson8-4-4.txt,4.0,0.0,4,70,1855,1951318,no,none,yes,0.768116,True
c-fat200-2.txt,18.0,0.0,18,200,3235,5998340,yes,h2,yes,0.162563,False
c-fat500-1.txt,80.0,0.0,80,500,4459,14844755,no,none,yes,0.0357435,False
johnson16-2-4.txt,6.2,0.4216370213557841,7,120,5460,3606218,no,none,yes,0.764706,True
C125-9.txt,4.0,0.0,4,125,6963,3481782,no,none,yes,0.898452,True
c-fat200-5.txt,7.0,0.0,7,200,8473,5705919,no,none,yes,0.425779,False
c-fat500-2.txt,40.0,0.0,40,500,9139,14942777,no,none,yes,0.0732585,False
keller4.txt,4.0,0.0,4,171,9435,4975245,no,none,yes,0.649123,True
brock200-2.txt,10.0,0.0,10,200,9876,6034916,no,none,yes,0.496281,False
brock200-3.txt,9.5,0.5270462766947305,10,200,12048,6012190,no,none,yes,0.605427,True
brock200-4.txt,7.5,0.8498365855987974,8,200,13089,5082541,no,none,yes,0.657739,True
sanr200-0-7.txt,6.8,0.42163702135578407,7,200,13868,5422375,no,none,yes,0.696884,True
san200-0-7-1.txt,6.0,0.0,6,200,13930,5670233,no,none,yes,0.7,True
san200-0-7-2.txt,6.2,0.6324555320336759,8,200,13930,6658595,no,none,yes,0.7,True
brock200-1.txt,6.0,0.0,6,200,14834,6006446,no,none,yes,0.745427,True
sanr200-0-9.txt,4.0,0.0,4,200,17863,5096079,no,none,yes,0.897638,True
gen200-p0-9-44.txt,4.0,0.0,4,200,17910,5561642,no,none,yes,0.9,True
gen200-p0-9-55.txt,4.0,0.0,4,200,17910,4948516,no,none,yes,0.9,True
san200-0-9-1.txt,4.0,0.0,4,200,17910,5044386,no,none,yes,0.9,True
san200-0-9-2.txt,4.0,0.0,4,200,17910,5544551,no,none,yes,0.9,True
san200-0-9-3.txt,4.5,0.5270462766947299,5,200,17910,5344138,no,none,yes,0.9,True
hamming8-4.txt,4.0,0.0,4,256,20864,7774853,no,none,yes,0.639216,True
c-fat500-5.txt,16.0,0.0,16,500,23191,13673154,no,none,yes,0.1859,False
C250-9.txt,4.0,0.0,4,250,27984,7322006,no,none,yes,0.899084,True
hamming8-2.txt,4.0,0.0,4,256,31616,6270560,no,none,yes,0.968627,True
p-hat300-3.txt,6.0,0.0,6,300,33390,7921174,no,none,yes,0.744482,True
san400-0-5-1.txt,8.0,0.0,8,400,39900,13906262,no,none,yes,0.5,False
sanr400-0-5.txt,11.4,0.9660917830792958,12,400,39984,9417082,no,none,yes,0.501053,True
c-fat500-10.txt,8.0,0.0,8,500,46627,19729091,no,none,yes,0.373764,False
san400-0-7-1.txt,6.1,0.316227766016838,7,400,55860,5378955,no,none,yes,0.7,True
san400-0-7-2.txt,6.7,0.4830458915396479,7,400,55860,16614442,no,none,yes,0.7,True
san400-0-7-3.txt,6.2,0.6324555320336761,8,400,55860,13926559,no,none,yes,0.7,True
sanr400-0-7.txt,8.0,0.0,8,400,55869,12163826,no,none,yes,0.700113,True
brock400-3.txt,8.0,0.0,8,400,59681,21124967,no,none,yes,0.747882,True
brock400-1.txt,7.0,0.0,7,400,59723,23808674,no,none,yes,0.748408,True
brock400-4.txt,6.0,0.0,6,400,59765,7450032,no,none,yes,0.748935,True
brock400-2.txt,7.3,0.9486832980505138,8,400,59786,17745000,no,none,yes,0.749198,True
p-hat700-1.txt,24.1,0.316227766016838,25,700,60999,10674265,no,none,yes,0.249332,False
p-hat500-2.txt,10.0,0.0,10,500,62946,25016727,no,none,yes,0.504577,True
MANN-a27.txt,4.0,0.0,4,378,70551,26214457,no,none,yes,0.990148,True
gen400-p0-9-55.txt,4.6,0.5163977794943222,5,400,71820,14316749,no,none,yes,0.9,True
gen400-p0-9-65.txt,4.1,0.31622776601683794,5,400,71820,17168125,no,none,yes,0.9,True
gen400-p0-9-75.txt,4.1,0.31622776601683794,5,400,71820,14429740,no,none,yes,0.9,True
san400-0-9-1.txt,4.0,0.0,4,400,71820,9758037,no,none,yes,0.9,True
p-hat500-3.txt,6.0,0.0,6,500,93800,32881144,no,none,yes,0.751904,True
johnson32-2-4.txt,6.0,0.0,6,496,107880,9984395,no,none,yes,0.878788,True
C500-9.txt,4.9,0.316227766016838,5,500,112332,12799761,no,none,yes,0.900457,True
p-hat700-2.txt,12.4,0.8432740427115678,14,700,121728,29928667,no,none,yes,0.49756,False
p-hat1000-1.txt,24.4,0.6992058987801011,26,1000,122253,52188758,no,none,yes,0.244751,False
p-hat700-3.txt,6.0,0.0,6,700,183010,24614330,no,none,yes,0.748048,True
brock800-3.txt,10.0,0.47140452079103157,11,800,207333,127172877,no,none,yes,0.648727,True
brock800-1.txt,10.0,0.0,10,800,207505,61469278,no,none,yes,0.649265,True
brock800-4.txt,10.0,0.0,10,800,207643,118250671,no,none,yes,0.649696,True
brock800-2.txt,10.0,0.0,10,800,208166,56102430,no,none,yes,0.651333,True
keller5.txt,4.0,0.0,4,776,225990,26940399,no,none,yes,0.751546,True
p-hat1000-2.txt,12.7,0.9486832980505139,14,1000,244799,90455783,no,none,yes,0.490088,False
san1000.txt,8.0,0.0,8,1000,250500,427372069,no,none,yes,0.501502,True
